{
    "version": "5",
    "package_name": "force-app",
    "apiVersion": "60.0",
    "packageDirectory": "force-app",
    "package_version_number": "1.0.0.1",
    "sourceVersion": "e6a98223e60372327b23223b9a563da4ed374c2e",
    "branch": "main",
    "repository_url": "https://github.com/vishaltourani/DXScale_1.git",
    "configFilePath": "config/project-scratch-def.json",
    "package_type": "source",
    "payload": {
        "Package": {
            "$": {
                "xmlns": "http://soap.sforce.com/2006/04/metadata"
            },
            "types": {
                "members": [
                    "AccountsSelector",
                    "AccountsSelectorTest",
                    "LightningResponse",
                    "LightningResponseTest"
                ],
                "name": "ApexClass"
            },
            "version": "60.0"
        }
    },
    "isApexFound": true,
    "isProfilesFound": false,
    "isPermissionSetGroupFound": false,
    "isPayLoadContainTypesSupportedByProfiles": true,
    "apexClassesSortedByTypes": {
        "class": [
            {
                "name": "LightningResponseTest",
                "filepath": "C:\\Users\\Admin\\Documents\\GitHub\\DXScale_1\\.sfpowerscripts\\xRQAg_source\\.sfpowerscripts\\6EfsO_mdapi\\metadataPackage_1714582356481\\classes\\LightningResponseTest.cls"
            },
            {
                "name": "LightningResponse",
                "filepath": "C:\\Users\\Admin\\Documents\\GitHub\\DXScale_1\\.sfpowerscripts\\xRQAg_source\\.sfpowerscripts\\6EfsO_mdapi\\metadataPackage_1714582356481\\classes\\LightningResponse.cls"
            },
            {
                "name": "AccountsSelectorTest",
                "filepath": "C:\\Users\\Admin\\Documents\\GitHub\\DXScale_1\\.sfpowerscripts\\xRQAg_source\\.sfpowerscripts\\6EfsO_mdapi\\metadataPackage_1714582356481\\classes\\AccountsSelectorTest.cls"
            },
            {
                "name": "AccountsSelector",
                "filepath": "C:\\Users\\Admin\\Documents\\GitHub\\DXScale_1\\.sfpowerscripts\\xRQAg_source\\.sfpowerscripts\\6EfsO_mdapi\\metadataPackage_1714582356481\\classes\\AccountsSelector.cls"
            }
        ],
        "testClass": [
            {
                "name": "LightningResponseTest",
                "filepath": "C:\\Users\\Admin\\Documents\\GitHub\\DXScale_1\\.sfpowerscripts\\xRQAg_source\\.sfpowerscripts\\6EfsO_mdapi\\metadataPackage_1714582356481\\classes\\LightningResponseTest.cls"
            },
            {
                "name": "AccountsSelectorTest",
                "filepath": "C:\\Users\\Admin\\Documents\\GitHub\\DXScale_1\\.sfpowerscripts\\xRQAg_source\\.sfpowerscripts\\6EfsO_mdapi\\metadataPackage_1714582356481\\classes\\AccountsSelectorTest.cls"
            }
        ],
        "interface": [],
        "parseError": []
    },
    "apexTestClassses": [
        "LightningResponseTest",
        "AccountsSelectorTest"
    ],
    "metadataCount": 4,
    "apexClassWithOutTestClasses": [
        "LightningResponse",
        "AccountsSelector"
    ],
    "creation_details": {
        "creation_time": 11,
        "timestamp": 1714582356774
    },
    "sourceDir": "source"
}