{
    "name": "force-app",
    "to": "5fff7e4",
    "commits": [
        {
            "commitId": "a1b7acbc",
            "date": "2024-05-01T22:25:11+05:30",
            "author": "vishal-fexle-training",
            "message": "Commit_1",
            "body": ""
        },
        {
            "commitId": "e6a98223",
            "date": "2024-05-01T15:02:05+05:30",
            "author": "vishal-fexle-training",
            "message": "Commit_1",
            "body": ""
        },
        {
            "commitId": "fb33deab",
            "date": "2024-05-01T13:09:48+05:30",
            "author": "vishaltourani",
            "message": "Add files via upload",
            "body": ""
        }
    ]
}